{
    "metrics": {
        "req_duration_ms": {
            "avg": 5.412607625470626,
            "min": 0.018429,
            "med": 2.7710255000000004,
            "max": 63.491364,
            "p(90)": 14.434457700000006,
            "p(95)": 18.946328300000005
        },
        "http_req_waiting": {
            "avg": 5.374471582190817,
            "min": 0,
            "med": 2.7318735,
            "max": 63.465443,
            "p(90)": 14.397272300000006,
            "p(95)": 18.910078
        },
        "http_req_connecting": {
            "max": 20.855023,
            "p(90)": 0,
            "p(95)": 0,
            "avg": 0.000050160221855397844,
            "min": 0,
            "med": 0
        },
        "vus_max": {
            "value": 200,
            "min": 200,
            "max": 200
        },
        "checks": {
            "passes": 4543438,
            "fails": 62,
            "value": 0.9999863541322769
        },
        "http_req_duration{expected_response:true}": {
            "p(95)": 18.946328300000005,
            "avg": 5.412607625470626,
            "min": 0.018429,
            "med": 2.7710255000000004,
            "max": 63.491364,
            "p(90)": 14.434457700000006
        },
        "http_req_failed": {
            "passes": 0,
            "fails": 1514500,
            "value": 0
        },
        "http_req_duration": {
            "avg": 5.412607625470626,
            "min": 0.018429,
            "med": 2.7710255000000004,
            "max": 63.491364,
            "p(90)": 14.434457700000006,
            "p(95)": 18.946328300000005,
            "thresholds": {
                "p(95)<50": false,
                "p(99)<100": false
            }
        },
        "http_reqs": {
            "count": 1514500,
            "rate": 6310.524366703226
        },
        "http_req_receiving": {
            "avg": 0.03031077862528609,
            "min": -3.759015,
            "med": 0.021663,
            "max": 10.370342,
            "p(90)": 0.04907410000000009,
            "p(95)": 0.070853
        },
        "iterations": {
            "count": 1514500,
            "rate": 6310.524366703226
        },
        "iteration_duration": {
            "p(95)": 29.127933700000007,
            "avg": 15.598942582527046,
            "min": 10.242996,
            "med": 12.948572500000001,
            "max": 73.668659,
            "p(90)": 24.616572800000004
        },
        "http_req_tls_handshaking": {
            "p(90)": 0,
            "p(95)": 0,
            "avg": 0,
            "min": 0,
            "med": 0,
            "max": 0
        },
        "data_sent": {
            "count": 131761500,
            "rate": 549015.6199031807
        },
        "http_req_sending": {
            "avg": 0.007825264654339352,
            "min": 0.001172,
            "med": 0.006644,
            "max": 11.549801,
            "p(90)": 0.008627,
            "p(95)": 0.011753
        },
        "total_requests": {
            "count": 1514500,
            "rate": 6310.524366703226
        },
        "success_rate": {
            "passes": 1514500,
            "fails": 0,
            "thresholds": {
                "rate>0.99": false
            },
            "value": 1
        },
        "data_received": {
            "count": 201428500,
            "rate": 839299.7407715291
        },
        "http_req_blocked": {
            "med": 0.002655,
            "max": 20.924698,
            "p(90)": 0.003487,
            "p(95)": 0.003948,
            "avg": 0.002784489424892049,
            "min": 0.000401
        },
        "vus": {
            "value": 1,
            "min": 1,
            "max": 200
        }
    },
    "root_group": {
        "name": "",
        "path": "",
        "id": "d41d8cd98f00b204e9800998ecf8427e",
        "groups": {},
        "checks": {
                "status is 200": {
                    "fails": 0,
                    "name": "status is 200",
                    "path": "::status is 200",
                    "id": "6210a8cd14cd70477eba5c5e4cb3fb5f",
                    "passes": 1514500
                },
                "body equals ok": {
                    "name": "body equals ok",
                    "path": "::body equals ok",
                    "id": "83cfede5bdd3b26215e88592b8c66a8e",
                    "passes": 1514500,
                    "fails": 0
                },
                "duration < 50ms": {
                    "fails": 62,
                    "name": "duration < 50ms",
                    "path": "::duration < 50ms",
                    "id": "3ca8bc5e3ff0bdeea1bf55eed0d84ff7",
                    "passes": 1514438
                }
            }
    }
}