{
    "root_group": {
        "checks": {
            "status is 200": {
                "name": "status is 200",
                "path": "::status is 200",
                "id": "6210a8cd14cd70477eba5c5e4cb3fb5f",
                "passes": 1537621,
                "fails": 0
            },
            "body equals ok": {
                "passes": 1537621,
                "fails": 0,
                "name": "body equals ok",
                "path": "::body equals ok",
                "id": "83cfede5bdd3b26215e88592b8c66a8e"
            },
            "duration < 50ms": {
                "name": "duration < 50ms",
                "path": "::duration < 50ms",
                "id": "3ca8bc5e3ff0bdeea1bf55eed0d84ff7",
                "passes": 1537592,
                "fails": 29
            }
        },
        "name": "",
        "path": "",
        "id": "d41d8cd98f00b204e9800998ecf8427e",
        "groups": {}
    },
    "metrics": {
        "http_req_tls_handshaking": {
            "p(90)": 0,
            "p(95)": 0,
            "avg": 0,
            "min": 0,
            "med": 0,
            "max": 0
        },
        "total_requests": {
            "count": 1537621,
            "rate": 6407.024770374484
        },
        "http_req_receiving": {
            "med": 0.021442,
            "max": 11.188068,
            "p(90)": 0.048892,
            "p(95)": 0.07083,
            "avg": 0.030225542843132343,
            "min": 0.003157
        },
        "data_received": {
            "count": 204503593,
            "rate": 852134.2944598064
        },
        "http_req_duration{expected_response:true}": {
            "p(95)": 18.136414,
            "avg": 5.1792239037598335,
            "min": -1.417907,
            "med": 2.665603,
            "max": 61.652142,
            "p(90)": 13.738628
        },
        "req_duration_ms": {
            "med": 2.665603,
            "max": 61.652142,
            "p(90)": 13.738628,
            "p(95)": 18.136414,
            "avg": 5.1792239037598335,
            "min": -1.417907
        },
        "http_req_duration": {
            "avg": 5.1792239037598335,
            "min": -1.417907,
            "med": 2.665603,
            "max": 61.652142,
            "p(90)": 13.738628,
            "p(95)": 18.136414,
            "thresholds": {
                "p(95)<50": false,
                "p(99)<100": false
            }
        },
        "vus": {
            "value": 1,
            "min": 1,
            "max": 200
        },
        "http_req_blocked": {
            "avg": 0.0027953446063745412,
            "min": 0.00037,
            "med": 0.002666,
            "max": 23.771637,
            "p(90)": 0.003447,
            "p(95)": 0.003907
        },
        "iteration_duration": {
            "avg": 15.363899680258134,
            "min": 10.233515,
            "med": 12.840286,
            "max": 71.744411,
            "p(90)": 23.912498,
            "p(95)": 28.312275
        },
        "http_req_waiting": {
            "p(95)": 18.100171,
            "avg": 5.141102098742847,
            "min": 0,
            "med": 2.627243,
            "max": 61.62914,
            "p(90)": 13.700573
        },
        "http_req_failed": {
            "passes": 0,
            "fails": 1537621,
            "value": 0
        },
        "http_req_connecting": {
            "med": 0,
            "max": 23.705027,
            "p(90)": 0,
            "p(95)": 0,
            "avg": 0.00005250897197683954,
            "min": 0
        },
        "vus_max": {
            "value": 200,
            "min": 200,
            "max": 200
        },
        "http_reqs": {
            "count": 1537621,
            "rate": 6407.024770374484
        },
        "iterations": {
            "count": 1537621,
            "rate": 6407.024770374484
        },
        "http_req_sending": {
            "avg": 0.007896262173835112,
            "min": -1.909694,
            "med": 0.006673,
            "max": 10.717829,
            "p(90)": 0.008587,
            "p(95)": 0.012425
        },
        "checks": {
            "passes": 4612834,
            "fails": 29,
            "value": 0.9999937132318909
        },
        "data_sent": {
            "count": 133773027,
            "rate": 557411.1550225801
        },
        "success_rate": {
            "passes": 1537621,
            "fails": 0,
            "thresholds": {
                "rate>0.99": false
            },
            "value": 1
        }
    }
}