{
    "root_group": {
        "name": "",
        "path": "",
        "id": "d41d8cd98f00b204e9800998ecf8427e",
        "groups": {},
        "checks": {
                "ok": {
                    "name": "ok",
                    "path": "::ok",
                    "id": "2385b52f13b6c5244d846734f1757fa3",
                    "passes": 2215,
                    "fails": 0
                }
            }
    },
    "metrics": {
        "vus": {
            "value": 10,
            "min": 10,
            "max": 10
        },
        "http_req_blocked": {
            "avg": 0.0069256501128668055,
            "min": 0.000571,
            "med": 0.002485,
            "max": 1.08044,
            "p(90)": 0.003287,
            "p(95)": 0.0037999999999999974
        },
        "iteration_duration": {
            "avg": 29.166157828893873,
            "min": 10.844303,
            "med": 26.519485,
            "max": 84.958586,
            "p(90)": 41.2900598,
            "p(95)": 45.7331425
        },
        "http_reqs": {
            "count": 2215,
            "rate": 342.06280013536934
        },
        "http_req_tls_handshaking": {
            "p(95)": 0,
            "avg": 0,
            "min": 0,
            "med": 0,
            "max": 0,
            "p(90)": 0
        },
        "http_req_duration": {
            "min": 0.611939,
            "med": 15.893522,
            "max": 74.8422,
            "p(90)": 30.56544,
            "p(95)": 34.87385259999999,
            "avg": 18.560522346275373
        },
        "data_received": {
            "count": 294595,
            "rate": 45494.35241800412
        },
        "http_req_connecting": {
            "avg": 0.0012672925507900676,
            "min": 0,
            "med": 0,
            "max": 0.473362,
            "p(90)": 0,
            "p(95)": 0
        },
        "http_req_receiving": {
            "avg": 0.04275012731376972,
            "min": 0.004339,
            "med": 0.041431,
            "max": 0.565782,
            "p(90)": 0.062121600000000006,
            "p(95)": 0.07709529999999994
        },
        "data_sent": {
            "count": 193575,
            "rate": 29893.817849302086
        },
        "http_req_failed": {
            "passes": 0,
            "fails": 2215,
            "thresholds": {
                "rate<0.01": false
            },
            "value": 0
        },
        "checks": {
            "passes": 2215,
            "fails": 0,
            "value": 1
        },
        "http_req_sending": {
            "min": 0.001543,
            "med": 0.006944,
            "max": 0.410348,
            "p(90)": 0.009426400000000005,
            "p(95)": 0.02137329999999979,
            "avg": 0.008712799097065484
        },
        "vus_max": {
            "value": 10,
            "min": 10,
            "max": 10
        },
        "http_req_duration{expected_response:true}": {
            "p(95)": 34.87385259999999,
            "avg": 18.560522346275373,
            "min": 0.611939,
            "med": 15.893522,
            "max": 74.8422,
            "p(90)": 30.56544
        },
        "http_req_waiting": {
            "max": 74.792041,
            "p(90)": 30.522793800000002,
            "p(95)": 34.8369736,
            "avg": 18.50905941986451,
            "min": 0.550402,
            "med": 15.847616
        },
        "iterations": {
            "count": 2215,
            "rate": 342.06280013536934
        }
    }
}