{
    "root_group": {
        "name": "",
        "path": "",
        "id": "d41d8cd98f00b204e9800998ecf8427e",
        "groups": {},
        "checks": {
                "status is 200": {
                    "fails": 0,
                    "name": "status is 200",
                    "path": "::status is 200",
                    "id": "6210a8cd14cd70477eba5c5e4cb3fb5f",
                    "passes": 379522
                }
            }
    },
    "metrics": {
        "data_received": {
            "count": 50476426,
            "rate": 240338.7584904293
        },
        "http_req_duration{expected_response:true}": {
            "avg": 49.93118633376026,
            "min": 0.343322,
            "med": 52.253365,
            "max": 172.204453,
            "p(90)": 72.70609080000001,
            "p(95)": 77.0247446
        },
        "iteration_duration": {
            "avg": 60.403425811207086,
            "min": 10.425723,
            "med": 62.69,
            "max": 182.302327,
            "p(90)": 83.16460400000001,
            "p(95)": 87.50898219999999
        },
        "http_reqs": {
            "rate": 1807.058334514506,
            "count": 379522
        },
        "checks": {
            "passes": 379522,
            "fails": 0,
            "value": 1
        },
        "http_req_failed": {
            "passes": 0,
            "fails": 379522,
            "thresholds": {
                "rate<0.01": false
            },
            "value": 0
        },
        "vus": {
            "min": 1,
            "max": 200,
            "value": 1
        },
        "iterations": {
            "count": 379522,
            "rate": 1807.058334514506
        },
        "http_req_connecting": {
            "p(95)": 0,
            "avg": 0.0002429538234937633,
            "min": 0,
            "med": 0,
            "max": 35.915434,
            "p(90)": 0
        },
        "http_req_sending": {
            "avg": 0.007635450877683472,
            "min": 0.001323,
            "med": 0.006723,
            "max": 1.834542,
            "p(90)": 0.008948,
            "p(95)": 0.011753
        },
        "vus_max": {
            "value": 200,
            "min": 200,
            "max": 200
        },
        "http_req_blocked": {
            "med": 0.002445,
            "max": 36.015654,
            "p(90)": 0.003357,
            "p(95)": 0.003778,
            "avg": 0.002763515985898634,
            "min": 0.000461
        },
        "http_req_waiting": {
            "p(90)": 72.6637884,
            "p(95)": 76.98442865000001,
            "avg": 49.8902467075584,
            "min": 0.285963,
            "med": 52.216335,
            "max": 172.173281
        },
        "http_req_tls_handshaking": {
            "avg": 0,
            "min": 0,
            "med": 0,
            "max": 0,
            "p(90)": 0,
            "p(95)": 0
        },
        "http_req_receiving": {
            "p(90)": 0.056822,
            "p(95)": 0.06996895000000002,
            "avg": 0.033304175323169795,
            "min": 0.003587,
            "med": 0.024228,
            "max": 1.976138
        },
        "http_req_duration": {
            "min": 0.343322,
            "med": 52.253365,
            "max": 172.204453,
            "p(90)": 72.70609080000001,
            "p(95)": 77.0247446,
            "avg": 49.93118633376026
        },
        "data_sent": {
            "count": 33018414,
            "rate": 157214.07510276203
        }
    }
}