{
    "root_group": {
        "checks": {
            "status is 200": {
                "name": "status is 200",
                "path": "::status is 200",
                "id": "6210a8cd14cd70477eba5c5e4cb3fb5f",
                "passes": 715363,
                "fails": 0
            }
        },
        "name": "",
        "path": "",
        "id": "d41d8cd98f00b204e9800998ecf8427e",
        "groups": {}
    },
    "metrics": {
        "iteration_duration": {
            "avg": 32.037462745667256,
            "min": 10.245223,
            "med": 31.469391,
            "max": 257.816406,
            "p(90)": 54.39222720000001,
            "p(95)": 60.1649201
        },
        "vus_max": {
            "value": 200,
            "min": 200,
            "max": 200
        },
        "checks": {
            "passes": 715363,
            "fails": 0,
            "value": 1
        },
        "data_received": {
            "count": 95143279,
            "rate": 453067.36444471165
        },
        "http_req_receiving": {
            "max": 3.242333,
            "p(90)": 0.05279880000000005,
            "p(95)": 0.066676,
            "avg": 0.03072195957856432,
            "min": 0.003417,
            "med": 0.022404
        },
        "http_req_tls_handshaking": {
            "min": 0,
            "med": 0,
            "max": 0,
            "p(90)": 0,
            "p(95)": 0,
            "avg": 0
        },
        "http_req_failed": {
            "passes": 0,
            "fails": 715363,
            "thresholds": {
                "rate<0.01": false
            },
            "value": 0
        },
        "http_req_duration": {
            "avg": 21.680176185415053,
            "min": 0.207309,
            "med": 21.086103,
            "max": 247.604547,
            "p(90)": 43.9506122,
            "p(95)": 49.7647142
        },
        "http_req_connecting": {
            "p(95)": 0,
            "avg": 0.00010280784860273724,
            "min": 0,
            "med": 0,
            "max": 20.967529,
            "p(90)": 0
        },
        "http_req_blocked": {
            "avg": 0.002408274850670269,
            "min": 0.000411,
            "med": 0.002224,
            "max": 21.047978,
            "p(90)": 0.003146,
            "p(95)": 0.003547
        },
        "http_req_sending": {
            "p(95)": 0.012514,
            "avg": 0.007303382347143229,
            "min": 0.001102,
            "med": 0.006262,
            "max": 2.144943,
            "p(90)": 0.008437
        },
        "iterations": {
            "count": 715363,
            "rate": 3406.521537178283
        },
        "vus": {
            "max": 200,
            "value": 1,
            "min": 1
        },
        "http_reqs": {
            "count": 715363,
            "rate": 3406.521537178283
        },
        "http_req_duration{expected_response:true}": {
            "avg": 21.680176185415053,
            "min": 0.207309,
            "med": 21.086103,
            "max": 247.604547,
            "p(90)": 43.9506122,
            "p(95)": 49.7647142
        },
        "http_req_waiting": {
            "avg": 21.642150843489414,
            "min": 0.196378,
            "med": 21.048008,
            "max": 247.588927,
            "p(90)": 43.91400200000002,
            "p(95)": 49.7265809
        },
        "data_sent": {
            "rate": 296367.3737345106,
            "count": 62236581
        }
    }
}